number, name, year, director, screenwriter, roles, style, countries, language, date, long, imdb, evaluation
19,摔跤吧！爸爸 Dangal,2016,['涅提·蒂瓦里'],"['比于什·古普塔', '施热亚·简', '尼基尔·麦罗特拉', '涅提·蒂瓦里']","['阿米尔·汗', '法缇玛·萨那·纱卡', '桑亚·玛荷塔', '阿帕尔夏克提·库拉那', '沙克希·坦沃', '塞伊拉·沃西', '苏哈妮·巴特纳格尔', '里特维克·萨霍里', '吉里什·库卡尼']","['剧情', '家庭', '传记', '运动']", 印度, 印地语 / 英语,2017-05-05(中国大陆),161分钟(印度), tt5074352,9.0
24,绿皮书 Green Book,2018,['彼得·法雷里'],"['尼克·瓦莱隆加', '布莱恩·库瑞', '彼得·法雷里']","['维果·莫腾森', '马赫沙拉·阿里', '琳达·卡德里尼', '塞巴斯蒂安·马尼斯科', '迪米特·D·马里诺夫', '迈克·哈顿', 'P·J·伯恩', '乔·柯蒂斯', '玛姬·尼克松', '冯·刘易斯', '乔恩·索特兰', '唐·斯达克', '安东尼·曼加诺', '保罗·斯隆', '珍娜·劳伦索', '肯尼斯·以色列', '伊克博·塞巴', '尼克·瓦莱隆加', '大卫·安', '迈克·切罗内', '杰拉尔丁·辛格', '马丁·巴特斯·布拉德福德', '格拉伦·布莱恩特·班克斯', '汤姆·维图', '夏恩·帕特洛', '丹尼斯·W·霍尔', '吉姆·克洛克', '戴恩·罗兹', '布赖恩·斯特帕尼克', '乔恩·迈克尔·戴维斯', '布莱恩·库瑞', '托尼亚·马尔多纳多']","['剧情', '喜剧', '音乐', '传记']", 美国 / 中国大陆, 英语 / 意大利语 / 俄语 / 德语,2019-03-01(中国大陆),130分钟, tt6966692,8.9
40,当幸福来敲门 The Pursuit of Happyness,2006,['加布里埃莱·穆奇诺'],['斯蒂夫·康拉德'],"['威尔·史密斯', '贾登·史密斯', '坦迪·牛顿', '布莱恩·豪威 ', '詹姆斯·凯伦', '丹·卡斯泰兰尼塔', '柯特·富勒', '塔卡尤·费舍尔', '凯文·韦斯特', '乔治·张', '戴维·迈克尔·西尔弗曼', '多米尼克·博夫', '杰弗·卡伦', '乔伊芙·拉文', '斯科特·克拉斯']","['剧情', '家庭', '传记']", 美国, 英语 / 粤语,2008-01-17(中国大陆),117分钟, tt0454921,9.2
63,猫鼠游戏 Catch Me If You Can,2002,['史蒂文·斯皮尔伯格'],['杰夫·内桑森'],"['莱昂纳多·迪卡普里奥', '汤姆·汉克斯', '克里斯托弗·沃肯', '马丁·辛', '艾米·亚当斯', '詹妮弗·加纳', '伊丽莎白·班克斯', '纳塔莉·贝伊', '詹姆斯·布洛林', '艾伦·旁派', '南希·利内翰', '布莱恩·豪威 ', '弗兰克·约翰·休斯', '克里斯·埃里斯']","['剧情', '传记', '犯罪']", 美国 / 加拿大, 英语 / 法语,2003-04-11(中国大陆),141 分钟, tt0264464,9.1
85,末代皇帝 The Last Emperor,1987,['贝纳尔多·贝托鲁奇'],"['贝纳尔多·贝托鲁奇', '马克·派普罗']","['尊龙', '陈冲', '邬君梅', '彼得·奥图尔', '英若诚', '吴涛', '黄自强', '丹尼斯·邓', '坂本龙一', '马吉·汉', '里克·扬', '田川洋行', '苟杰德', '理查德·吴', '皱缇格', '陈凯歌', '卢燕', '区亨利', '陈述', '鲍皓昕', '黄文捷', '邵茹贞', '亨利·基', '张良斌', '梁冬', '康斯坦丁·格雷戈里', '黄汉琪', '王涛', '宋怀桂', '蔡鸿翔', '程淑艳', '张天民']","['剧情', '传记', '历史']", 英国 / 意大利 / 中国大陆 / 法国, 英语 / 汉语普通话 / 日语,1987-10-04(东京国际电影节),163分钟, tt0093389,9.3
87,中国机长,2019,['刘伟强'],['于勇敢'],"['张涵予', '欧豪', '杜江', '袁泉', '张天爱', '李沁', '雅玫', '杨祺如', '高戈', '黄志忠', '朱亚文', '李现', '焦俊艳', '吴樾', '阚清子', '李岷城', '冯文娟', '陈数', '杨颖', '余皑磊', '关晓彤', '小爱', '伊拉尔·帕萨', '亚历克斯·皮希汀', '赵亮', '周波']","['剧情', '传记', '灾难']", 中国大陆, 汉语普通话 / 藏语 / 英语 / 四川话,2019-09-30(中国大陆),111分钟, tt10218664,6.6
149,血战钢锯岭 Hacksaw Ridge,2016,['梅尔·吉布森'],"['安德鲁·奈特', '罗伯特·申坎']","['安德鲁·加菲尔德', '萨姆·沃辛顿', '文斯·沃恩', '雨果·维文', '卢克·布雷西', '泰莉莎·帕尔墨', '瑞切尔·格里菲斯', '内森奈尔·布佐里克', '理查德·劳斯伯格', '马特·纳夫莱', '费拉斯·迪拉尼', '瑞安·柯尔', '卢克·佩格勒']","['剧情', '传记', '历史', '战争']", 澳大利亚 / 美国, 英语 / 日语,2016-12-08(中国大陆),139分钟(中国大陆), tt2119532,8.7
175,钢琴家 The Pianist,2002,['罗曼·波兰斯基'],['罗纳德·哈伍德'],"['艾德里安·布洛迪', '托马斯·克莱舒曼', '艾米莉娅·福克斯', '米哈乌·热布罗夫斯基', '埃德·斯托帕德', '穆琳·利普曼', '弗兰克·芬莱', '茱莉亚·蕾娜', '杰西卡·凯特·梅耶尔', '理查德·赖丁斯']","['剧情', '音乐', '传记', '战争']", 英国 / 法国 / 波兰 / 德国, 英语 / 德语 / 俄语,2002-05-24(戛纳电影节),150分钟, tt0253474,9.3
234,模仿游戏 The Imitation Game,2014,['莫滕·泰杜姆'],"['格拉汉姆·摩尔', '安德鲁·霍奇斯']","['本尼迪克特·康伯巴奇', '凯拉·奈特莉', '马修·古迪', '罗里·金尼尔', '艾伦·里奇', '马修·比尔德', '查尔斯·丹斯', '马克·斯特朗', '詹姆斯·诺斯科特', '汤姆·古德曼-希尔', '史蒂芬·威丁顿', '伊兰·古德曼', '杰克·塔尔登', '埃里克斯·劳瑟', '杰克·巴农', '塔彭丝·米德尔顿', '安德鲁·哈维尔', '维尔·博登', '李·阿斯奎斯-柯', '海莉·乔安妮·培根', '安库塔·布雷班', '格雷斯·卡尔德', '理查德·坎贝尔', '温斯顿·丘吉尔', '克里斯·考林', '汉娜·弗林', '阿道夫·希特勒 Adolf Hitler', '卢克·霍普', '斯图尔特·马修斯', '亚当·诺威尔', '哈里·S·杜鲁门']","['剧情', '同性', '传记', '战争']", 英国 / 美国, 英语 / 德语,2015-07-21(中国大陆),114分钟, tt2084970,8.7
236,音乐之声 The Sound of Music,1965,['罗伯特·怀斯'],"['乔治·胡达勒克', '霍华德·林赛', '拉塞尔·克劳斯', '恩斯特·莱赫曼', '玛丽亚·冯·特拉普']","['朱莉·安德鲁斯', '克里斯托弗·普卢默', '埃琳诺·帕克', '理查德·海顿', '佩吉·伍德', '查尔敏·卡尔', '希瑟·孟席斯-尤里克', '尼古拉斯·哈蒙德', '杜安·蔡斯', '安吉拉·卡特怀特', '黛比·特纳', '基姆·卡拉思', '安娜·李', '波希娅·纳尔逊', '本·怀特', '丹尼尔·特鲁希特', '诺玛·威登', '吉尔克里斯特·斯图尔特', '马妮·尼克松', '埃瓦德妮·贝克', '多丽丝·劳埃德', '格特鲁德·阿斯特', '弗兰克·贝克', '史蒂夫·卡鲁瑟斯', '山姆·哈里斯', '多罗西·吉金斯', '利奥达·理查德斯', '杰弗里·塞尔', '伯纳德·赛尔', '诺尔曼·斯蒂凡斯', '伯特史蒂文斯', '玛丽亚·冯·特拉普']","['剧情', '爱情', '歌舞', '传记']", 美国, 英语 / 德语,1965-03-02(美国),174分钟, tt0059742,9.1
240,妈妈的神奇小子 媽媽的神奇小子,2021,['尹志文'],"['尹志文', '卢文骏']","['吴君如', '张继聪', '梁仲恒', '胡子彤', '卢海鹏', '钱小豪', '杨伟伦', '冯皓扬', '林家熙', '吴肇轩', '陆永', '钟雪莹', '麦沛东', '苏桦伟']","['剧情', '传记', '运动']", 中国香港 / 中国大陆, 粤语 / 汉语普通话,2021-09-04(中国大陆),102分钟(中国大陆), tt14892216,6.9
283,波西米亚狂想曲 Bohemian Rhapsody,2018,['布莱恩·辛格'],"['安东尼·麦卡滕', '皮特·摩根']","['拉米·马雷克', '本·哈迪', '约瑟夫·梅泽罗', '格威利姆·李', '艾伦·里奇', '露西·宝通', '艾丹·吉伦', '汤姆·霍兰德', '麦克·梅尔斯', '阿隆·麦克卡斯克', '梅内卡·达斯', '迪基·博', '蒂姆· 普莱斯特', '杰克·罗思', '马克斯·班内特', '基兰·哈德卡斯托', '罗斯·格林', '布鲁斯·麦克金伦', '米歇尔·邓肯', '马特·格林伍德', '罗茜·本杰明', '约翰·奥特曼', '詹姆斯·华莱士', '文森特·阿德里安', '拉斯科·阿特金斯', '乔纳森·奇塔姆', '迈克尔·科布', '耶稣·加洛', '亚当·兰伯特', '豪尔赫·莱昂·马丁内斯', '杰森· 莱恩斯', '伊斯雷尔·鲁兹']","['剧情', '同性', '音乐', '传记']", 英国 / 美国, 英语,2019-03-22(中国大陆),135分钟, tt1727824,8.6
300,一代宗师 一代宗師,2013,['王家卫'],"['邹静之', '徐浩峰', '王家卫']","['梁朝伟', '章子怡', '张震', '宋慧乔', '赵本山', '小沈阳', '王庆祥', '张晋', '卢海鹏', '冯克安', '刘家勇', '张智霖', '金士杰', '徐锦江', '刘洵', '尚铁龙', '罗莽', '吴廷烨']","['剧情', '动作', '爱情', '传记']", 中国大陆 / 中国香港, 汉语普通话 / 粤语 / 日语,2013-01-08(中国大陆),111分钟(3D重映),"
        ",8.1
304,美丽心灵 A Beautiful Mind,2001,['朗·霍华德'],"['阿齐瓦·高斯曼', '西尔维娅·纳萨尔']","['罗素·克劳', '艾德·哈里斯', '詹妮弗·康纳利', '克里斯托弗·普卢默', '保罗·贝坦尼', '亚当·戈德堡', '乔什·卢卡斯', '安东尼·拉普', '贾森·加里-斯坦福德', '贾德·赫希', '奥斯汀·潘德尔顿', '薇薇·卡登尼', '吉莉·西蒙', '维克多·斯坦巴赫', '坦娅·克拉克', '罗伊·辛尼斯', '谢丽尔·霍华德', '兰斯·霍华德', '简·詹金斯', '乔什·帕斯', '瓦伦蒂娜·卡迪纳利', '蒂格尔·F·伯格里', '迈克尔·埃斯佩尔', '艾米·瓦尔兹', '小艾德.朱普', '卡拉·奥奇格罗索', '斯特里奥·萨万特', '迈克尔·阿伯特', '雷吉·奥斯汀', '凯德·比特纳', '理查·布莱恩特', '丹·陈', '乔纳·福尔肯', '法布里奇奥·范特', '斯科特·费恩斯特罗姆', '迈克尔·菲奥里', '塞斯·盖贝尔', '埃文·哈特', '杰森·霍顿', '布莱丝·达拉斯·霍华德', '朗·霍华德', '多里·曼佐尔', '罗伯特·迈尔斯', '里德·彭尼', '米尔斯·彼埃尔', '肖恩·里德']","['剧情', '传记']", 美国, 英语,2001-12-13(加州首映),135分钟, tt0268978,9.1
374,华尔街之狼 The Wolf of Wall Street,2013,['马丁·斯科塞斯'],"['特伦斯·温特', '乔丹·贝尔福特']","['莱昂纳多·迪卡普里奥', '乔纳·希尔', '玛格特·罗比', '马修·麦康纳', '凯尔·钱德勒', '罗伯·莱纳', '乔·博恩瑟', '让·杜雅尔丹', '克里斯汀·米利欧缇', '卡塔莉娜·凯斯']","['剧情', '传记', '犯罪']", 美国, 英语 / 法语,2013-12-17(纽约首映),180分钟, tt0993846,8.0
392,国王的演讲 The King's Speech,2010,['汤姆·霍伯'],['大卫·塞德勒'],"['科林·费尔斯', '杰弗里·拉什', '海伦娜·伯翰·卡特', '盖·皮尔斯', '迈克尔·刚本', '蒂莫西·斯波', '詹妮弗·艾莉', '德里克·雅各比', '安东尼·安德鲁斯', '克莱尔·布鲁姆']","['剧情', '传记', '历史']", 英国 / 澳大利亚 / 美国, 英语,2012-02-24(中国大陆),118分钟, tt1504320,8.4
398,勇敢的心 Braveheart,1995,['梅尔·吉布森'],['兰道尔·华莱士'],"['梅尔·吉布森', '苏菲·玛索', '布莱恩·考克斯', '詹姆斯·科兹莫', '辛·劳洛', '凯瑟琳·麦克马克', '安古斯·麦克菲登']","['剧情', '动作', '传记', '历史', '战争']", 美国, 英语 / 法语 / 拉丁语 / 苏格兰盖尔语,1995-05-18(西雅图电影节),178分钟, tt0112573,8.9
404,叶问 葉問,2008,['叶伟信'],"['黄子桓', '陈大利']","['甄子丹', '任达华', '熊黛林', '池内博之', '林家栋', '樊少皇', '释彦能', '黄又南', '杜宇航']","['剧情', '动作', '传记', '历史']", 中国香港 / 中国大陆, 粤语 / 汉语普通话 / 日语,2008-12-12(中国大陆),106分钟, tt1220719,7.7
450,达拉斯买家俱乐部 Dallas Buyers Club,2013,['让-马克·瓦雷'],"['克莱格·鲍登', '梅丽莎·沃雷克']","['马修·麦康纳', '詹妮弗·加纳', '杰瑞德·莱托', '斯蒂夫·扎恩', '达拉斯·罗伯特斯', '凯文·兰金', '丹尼斯·欧哈拉', '简·麦克尼尔', '格里芬·邓恩', '詹姆斯·杜蒙特', '朱丽叶·里夫斯', '斯蒂菲·格罗特', 'J·D·埃弗摩尔']","['剧情', '同性', '传记']", 美国, 英语 / 日语,2013-09-07(多伦多电影节),117分钟, tt0790636,8.8
470,卢旺达饭店 Hotel Rwanda,2004,['特瑞·乔治'],"['凯尔·皮尔森', '特瑞·乔治']","['唐·钱德尔', '苏菲·奥康内多', '华金·菲尼克斯', '尼克·诺特', '哈基姆·凯-卡西姆', '托尼·戈罗奇', '法纳·莫科纳', '大卫·奥哈拉', '莫苏西·麦格诺', '西莫·莫加瓦扎', '卡拉·西摩', '罗伯托·西特兰', '德斯蒙德·杜布', '蕾乐蒂·库马洛']","['剧情', '传记', '历史', '战争']", 英国 / 南非 / 意大利 / 美国, 英语 / 法语,2004-09-11(多伦多电影节),121分钟, tt0395169,8.9
545,至暗时刻 Darkest Hour,2017,['乔·赖特'],['安东尼·麦卡滕'],"['加里·奥德曼', '克里斯汀·斯科特·托马斯', '莉莉·詹姆斯', '本·门德尔森', '斯蒂芬·迪兰', '萨缪尔·韦斯特', '汉娜·斯蒂尔', '罗纳德·皮卡普', '乔丹·沃勒', '理查德·拉姆斯登', '安娜·伯内特', '尼古拉斯·琼斯', '查理·帕尔默·罗斯韦尔', '布赖恩·佩蒂福', '菲利普·马丁·布朗', '安杰莉克·琼', '希尔顿·麦克雷', '詹姆斯·伊莱斯', '杰瑞米·查亚德', '马汀·麦格', '迈克尔·海登', '迈克尔·博特', '皮普·托伦斯']","['剧情', '传记', '历史', '战争']", 英国 / 美国, 英语,2017-12-01(中国大陆),125分钟, tt4555426,8.5
602,萨利机长 Sully,2016,['克林特·伊斯特伍德'],"['托德·考马尔尼基', '切斯利·舒伦伯格', '杰弗里·札斯洛']","['汤姆·汉克斯', '艾伦·艾克哈特', '劳拉·琳妮', '杰瑞·费拉拉', '安娜·冈', '奥图姆·瑞瑟', '霍特·麦克卡兰尼', '克里斯·鲍尔', '杰米·谢尔丹', '安·库萨克', '莫莉·哈根', '马克斯·阿德勒', '萨姆·亨廷顿', '韦恩·巴斯楚普', '维勒莉·玛哈菲']","['剧情', '传记']", 美国, 英语,2016-12-09(中国大陆),96分钟, tt3263904,8.3
647,社交网络 The Social Network,2010,['大卫·芬奇'],"['艾伦·索金', '本·麦兹里奇']","['杰西·艾森伯格', '安德鲁·加菲尔德', '贾斯汀·汀布莱克', '鲁妮·玛拉', '约瑟夫·梅泽罗', '艾米·汉莫', '乔什·平茨', '艾比·森哈', '布兰达·宋', '达科塔·约翰逊', '艾伦·索金', '艾玛·菲茨帕特里克', '玛莱斯·裘', '马克·索尔', '达斯汀·菲兹莫斯', '帕特里克·梅佩尔']","['剧情', '传记']", 美国, 英语 / 法语,2010-09-24(纽约电影节),120 分钟, tt1285016,8.2
705,流浪猫鲍勃 A Street Cat Named Bob,2016,['罗杰·斯波蒂斯伍德'],"['詹姆斯·鲍恩', '加里·詹金斯', '提姆·约翰', '玛丽亚·内申']","['卢克·崔德威', '猫鲍勃', '露塔·格德米纳斯', '琼安·弗洛加特', '安东尼·海德', '戴伦·伊万斯', '里维拉·吉迪恩', '洛琳·艾什本', '阿卡巴尔·库尔塔', '约翰·亨肖', '贝丝·戈达德', '伊万娜·贝斯克', '妮娜·瓦迪娅', '罗茜·伊德', '鲁斯·西恩', '卡罗琳·古多尔', '雅各布·詹姆斯·贝西克', '罗伯·贾维斯', '丹尼尔·弗恩', '詹姆斯·鲍恩', '李·尼古拉斯·哈里斯', '丹尼尔·斯蒂森']","['剧情', '喜剧', '传记']", 英国, 英语,2018-11-02(中国大陆),103分钟, tt3606888,7.9
714,万物理论 The Theory of Everything,2014,['詹姆斯·马什'],"['安东尼·麦卡滕', '简·霍金']","['埃迪·雷德梅恩', '菲丽希缇·琼斯', '大卫·休里斯', '艾米丽·沃森', '查理·考克斯', '哈里·劳埃德', '艾丽丝·奥尔尤因', '玛克辛·皮克', '亚当·戈德利', '西蒙·迈克伯尼', '阿比盖尔·克鲁特登', '露西·查普尔', '夏洛特·霍普', '拉菲拉·查普曼', '汤姆·普赖尔', '恩佐·科伦蒂', '托马斯·莫里森', '迈克尔·马库斯', '格拉法德·格林', '盖伊·奥利弗-沃茨', '克里斯蒂安·麦凯', '伊莲恩·戴维斯', '乔格·尼可洛夫', '维多利亚·埃姆斯利', '弗兰克·勒伯夫']","['剧情', '爱情', '传记']", 英国 / 日本, 英语 / 法语 / 拉丁语,2014-09-07(多伦多电影节),123分钟, tt2980516,8.4
716,叶问3,2015,['叶伟信'],"['黄子桓', '陈大利', '梁礼彦']","['甄子丹', '迈克·泰森', '张晋', '熊黛林', '谭耀文', '吴千语', '喻亢', '郑则仕', '梁家仁', '张继聪', '陈国坤', '刘以达', '宗菲', '曹操', '王实', '崔璨', '刘艺菲']","['剧情', '动作', '传记', '历史']", 中国大陆 / 中国香港, 汉语普通话 / 粤语 / 英语,2016-03-04(中国大陆),105分钟,"
        ",6.7
769,隐藏人物 Hidden Figures,2016,['西奥多·梅尔菲'],"['艾莉森·施罗德', '西奥多·梅尔菲', '玛戈特·李·谢特利']","['塔拉吉·P·汉森', '奥克塔维亚·斯宾瑟', '加奈儿·梦奈', '凯文·科斯特纳', '克斯汀·邓斯特', '吉姆·帕森斯', '马赫沙拉·阿里', '阿尔迪斯·霍吉', '格伦·鲍威尔', '金贝利·奎恩', '奥莱克·克鲁帕']","['剧情', '传记', '历史']", 美国, 英语,2016-12-25(美国),127分钟, tt4846340,8.9
775,弱点 The Blind Side,2009,['约翰·李·汉考克'],"['约翰·李·汉考克', '迈克尔·刘易斯']","['桑德拉·布洛克', '蒂姆·麦格罗', '昆东·亚伦', '杰·海德', '莉莉·柯林斯', '雷·迈克金农', '金·迪肯斯', '安德莱内·列诺斯', '凯西·贝茨', '凯萨琳·戴尔', '安迪·斯塔尔', '汤姆·诺维茨基', '莎朗·莫里斯', '奥马尔·J·多尔西', '伊劳伊·辛格尔顿', '罗达·格里菲丝', '艾希礼·勒孔特·坎贝尔', 'Elizabeth Omilami', '阿非莫·奥米拉', '马丽娅豪厄尔', 'Patrick G. Keenan', '大卫·德怀尔', '罗伯特·普拉尔戈', '布雷特·赖斯', 'Preston Brant', '马修·阿特金森', '约翰·纽伯格', '乔·克里斯特', 'Phillip Fulmer', 'Lou Holtz', 'Nick Saban', 'Haji Abdullah', 'Demetrius B. Banks', 'Tim Brazeal', 'Byron Bryson', 'Chrissy Chambers', ""Monica D'Onofrio"", 'J. Colby Doler', 'Roger Goodell', '杰夫科斯·格林', '安东尼·B·哈里斯', 'Scottie Knollin', 'Amir Kovacs', '梅丽莎·乐爱伦']","['剧情', '家庭', '传记', '运动']", 美国, 英语,2009-11-20,USA: 129 分钟, tt0878804,8.7
776,叶问2：宗师传奇 葉問2,2010,['叶伟信'],['黄子桓'],"['甄子丹', '洪金宝', '熊黛林', '黄晓明', '樊少皇', '郑则仕', '敖嘉年', '杜宇航', '达伦·萨赫拉维', '释小龙', '任达华', '郑家星', '陆梅芳']","['动作', '传记', '历史']", 中国大陆 / 中国香港, 粤语 / 汉语普通话 / 英语,2010-04-27(中国大陆),108分钟, tt1386932,7.4
846,为奴十二年 12 Years a Slave,2013,['史蒂夫·麦奎因'],"['约翰·里德利', '所罗门·诺萨普']","['切瓦特·埃加福', '迈克尔·法斯宾德', '本尼迪克特·康伯巴奇', '拜伦·巴特', '保罗·达诺', '保罗·吉亚玛提', '露皮塔·尼永奥', '莎拉·保罗森', '布拉德·皮特', '阿尔法·伍达德']","['剧情', '传记', '历史']", 美国 / 英国, 英语,2013-11-08(美国),134分钟, tt2024544,8.3
863,丹麦女孩 The Danish Girl,2015,['汤姆·霍伯'],"['露辛达·考克森', '大卫·艾伯豪夫']","['埃迪·雷德梅恩', '艾丽西亚·维坎德', '本·卫肖', '塞巴斯蒂安·科赫', '艾梅柏·希尔德', '马提亚斯·修奈尔', '尼古拉斯·伍德森', '皮普·托伦斯', '克劳斯·布埃', '埃默拉尔德·芬内尔', '理查德·迪克森']","['剧情', '爱情', '同性', '传记']", 英国 / 美国 / 比利时 / 丹麦 / 德国, 英语 / 法语 / 德语,2015-09-05(威尼斯电影节),119分钟, tt0810819,8.3
883,成为简·奥斯汀 Becoming Jane,2007,['朱里安·杰拉德'],"['Sarah Williams', 'Kevin Hood', '简·奥斯汀']","['安妮·海瑟薇', '詹姆斯·麦卡沃伊', '朱丽·沃特斯', '詹姆斯·克伦威尔', '玛吉·史密斯', '安娜·麦克西维尔·马丁', '露西·科乎', '劳伦斯·福克斯', '伊恩·理查森', '乔·安德森', '里奥·比尔', '杰茜卡·阿什沃思', '汤姆-沃恩-劳勒']","['剧情', '爱情', '传记']", 英国 / 爱尔兰, 英语,2007-03-09(英国),120 分钟, tt0416508,8.3
887,莫娣 Maudie,2016,['艾斯林·沃什'],['谢丽·怀特'],"['莎莉·霍金斯', '伊桑·霍克', '卡瑞·玛切特', '加布里埃尔·罗斯', '扎卡里·贝内特', '比利·麦克莱伦', '劳伦斯·巴里', '格雷戈·马龙', '玛丝·伯纳德', '大卫·菲恩', '凯特·罗斯']","['剧情', '爱情', '传记']", 爱尔兰 / 加拿大, 英语,2016-09-02(特柳赖德电影节),115分钟, tt3721954,9.1
898,集结号,2007,['冯小刚'],['刘恒'],"['张涵予', '邓超', '袁文康', '汤嬿', '廖凡', '王宝强', '胡军', '任泉', '李晨', '李乃文', '胡明', '罗海琼']","['剧情', '传记', '历史', '战争']", 中国大陆 / 中国香港, 汉语普通话 / 英语,2007-12-20(中国大陆),124分钟, tt0881200,8.2
913,印度合伙人 Padman,2018,['R·巴尔基'],"['R·巴尔基', '斯南德·柯克尔']","['阿克谢·库玛尔', '拉迪卡·艾普特', '索娜姆·卡普尔', '乔蒂·苏巴', '森尔·辛', '阿米达普·巴强', '雷·拉维']","['剧情', '喜剧', '传记']", 印度, 印地语,2018-12-14(中国大陆),140分钟, tt7218518,7.7
920,情人 L'amant,1992,['让-雅克·阿诺'],"['让-雅克·阿诺', '热拉尔·布拉什', '玛格丽特·杜拉斯']","['珍·玛奇', '梁家辉', '弗雷德丽克·梅南热', '阿诺·乔瓦尼内蒂', '梅尔维尔·珀波', '丽萨·福克纳', '让娜·莫罗', '弗里德里克·奥伯汀']","['剧情', '爱情', '情色', '传记']", 法国 / 英国 / 越南, 英语 / 粤语,1992-01-22(法国),115分钟, tt0101316,8.2
943,极速车王 Ford v Ferrari,2019,['詹姆斯·曼高德'],"['杰斯·巴特沃斯', '约翰-亨利·巴特沃斯', '贾森·凯勒']","['马特·达蒙', '克里斯蒂安·贝尔', '乔什·卢卡斯', '乔·博恩瑟', '崔西·莱茨', '诺亚·尤佩', '玛丽萨·佩特罗', '凯特瑞娜·巴尔夫', '雷·迈克金农', '约翰·约瑟夫·菲尔德', '华莱士·朗翰', '乔纳森·拉帕格里拉', '斯特凡', '鲁道夫·马丁', '拉奇兰·布坎南', '瓦德·霍尔顿', '肖恩·卡里甘', '克里斯托弗·达尔加', '亚当·梅菲尔德', '乔瓦尼·索罗菲瓦', '乔·威廉森', '本杰明·里格比', '杰克·麦克马伦', '保罗·福克斯', '雷莫·吉罗内', '德鲁·劳施', '朱利安·米勒', '艾拉姆·奥里安', '埃姆利·贝赫什蒂', '蒂芙妮·伊冯娜·考克斯', '达林·库珀', '科拉多·因韦尔尼齐', '特洛伊·迪林格', '彼得·阿佩塞拉', '斯凯勒·马歇尔']","['剧情', '传记', '运动']", 美国, 英语 / 意大利语 / 法语 / 日语,2020-08-07(中国大陆),152分钟, tt1950186,8.5
959,爱尔兰人 The Irishman,2019,['马丁·斯科塞斯'],"['查尔斯·布兰特', '斯蒂文·泽里安']","['罗伯特·德尼罗', '阿尔·帕西诺', '乔·佩西', '安娜·帕奎因', '杰西·普莱蒙', '哈威·凯特尔', '斯蒂芬·格拉汉姆', '鲍比·坎纳瓦尔', '杰克·休斯顿', '阿莱卡萨·帕拉迪诺', '凯瑟琳·纳杜奇', '多米尼克·隆巴多兹', '雷·罗马诺', '塞巴斯蒂安·马尼斯科', '杰克·霍夫曼', '保罗·本-维克托', '斯蒂芬妮·库尔特祖巴', '莎伦·菲弗', '路易斯·坎瑟米', '茵迪亚·恩能加', 'J.C.麦肯泽', '巴里·普赖默斯', '吉姆·诺顿', '盖里·巴萨拉巴', '玛格丽特·安妮·佛罗伦斯', '约翰·斯库蒂', '约翰·塞纳迭姆博', '大卫·阿隆·贝克', '桃乐丝·麦卡锡', '凯文·凯恩', '加里·帕斯托雷', '约瑟夫·罗素', '凯文·奥罗克', '娜塔莎·罗曼诺娃', '杰里米·卢克', '凯莉·P·威廉姆斯', '詹妮弗·马奇', '保罗·鲍格才', '蒂姆·聂夫', '斯蒂芬·梅尔勒', '克雷格·文森特', '比利·史密斯', '布莱斯·科里根', '斯泰西·爱丽丝·科恩', '吉诺·卡法雷利', '拉里·罗曼诺', '罗伯特·富纳罗', '维罗妮卡·阿利奇诺', '克劳黛特·拉利', '詹姆斯·洛林兹', '阿什莉·诺斯', '肯·斯拉迪克', '帕特里克·加洛']","['剧情', '传记', '犯罪']", 美国, 英语 / 意大利语 / 拉丁语 / 西班牙语 / 德语,2019-09-27(纽约电影节),209分钟, tt1302006,8.8
980,聚焦 Spotlight,2015,['汤姆·麦卡锡'],"['乔希·辛格', '汤姆·麦卡锡']","['马克·鲁弗洛', '迈克尔·基顿', '瑞秋·麦克亚当斯', '列维·施瑞博尔', '约翰·斯拉特里', '布莱恩·达西·詹姆斯', '斯坦利·图齐', '比利·克鲁德普', '保罗·吉尔福伊尔', '杰米·谢尔丹', '兰·卡琉', '尼尔·哈夫', '迈克尔·西里尔·克赖顿', '迈克尔·康特里曼']","['剧情', '传记']", 美国, 英语,2015-09-03(威尼斯电影节),128分钟, tt1895587,8.8
1003,霍元甲,2006,['于仁泰'],"['王斌', '周隼', '杜致朗', '李冯']","['李连杰', '董勇', '孙俪', '中村狮童', '鲍起静', '邹兆龙', '原田真人', '杨紫琼', '衣世雄']","['剧情', '动作', '传记']", 美国 / 中国大陆 / 中国香港, 汉语普通话 / 日语 / 英语,2006-01-25(中国大陆),104分钟, tt0446059,7.0
1034,风雨哈佛路 Homeless to Harvard: The Liz Murray Story,2003,['彼得·勒文'],['Ronni Kern'],"['索拉·伯奇', 'Makyla Smith', '凯莉·林奇', '艾利奥特·佩吉', '迈克尔·莱利']","['剧情', '传记']", 美国, 英语 / 葡萄牙语 / 巴西手语,2003-04-07(美国),104分钟, tt0338109,8.1
1101,至爱梵高·星空之谜 Loving Vincent,2017,"['多洛塔·科别拉', '休·韦尔什曼']","['多洛塔·科别拉', '休·韦尔什曼', '贾科·丹纳尔']","['道格拉斯·布斯', '罗伯特·古拉奇克', '埃莉诺·汤姆林森', '杰罗姆·弗林', '西尔莎·罗南', '海伦·麦克洛瑞', '克里斯·奥多德', '约翰·塞森斯', '艾丹·特纳', '詹姆斯·格林尼', '比尔·托马斯', '马丁·赫德曼', '理查德·班克斯', '霍莉·厄尔']","['剧情', '动画', '传记']", 英国 / 波兰, 英语,2017-12-08(中国大陆),95分钟, tt3262342,8.5
1123,大空头 The Big Short,2015,['亚当·麦凯'],"['查尔斯·伦道夫', '亚当·麦凯', '迈克尔·刘易斯']","['克里斯蒂安·贝尔', '史蒂夫·卡瑞尔', '瑞恩·高斯林', '布拉德·皮特', '梅丽莎·里奥', '约翰·马加罗', '拉菲·斯波', '杰瑞米·斯特朗', '芬·维特洛克', '玛丽莎·托梅', '崔西·莱茨', '文峰', '阿德普波·奥杜耶', '凯伦·吉兰', '马克思·格林菲尔德', '比利·马格努森', '玛格特·罗比', '理查德·塞勒', '赛琳娜·戈麦斯']","['剧情', '传记']", 美国, 英语,2015-11-12(AFI影展),130分钟, tt1596363,8.5
1131,马戏之王 The Greatest Showman,2017,['迈克尔·格雷西'],"['珍妮·比克', '比尔·康顿']","['休·杰克曼', '米歇尔·威廉姆斯', '扎克·埃夫隆', '赞达亚', '丽贝卡·弗格森', '奥丝汀·约翰森', '卡梅伦·丝蕾', '基拉·塞特尔', '萨姆·汉弗莱', '叶海亚·阿卜杜勒-迈丁', '埃里克·安德森', '伊利斯·鲁宾', '斯凯勒·杜恩', '丹尼尔·埃维里奇', '拉杜·斯平格尔', '小森优作', '丹尼尔·松', '保罗·斯帕克斯', '威尔·斯文森']","['剧情', '歌舞', '传记']", 美国, 英语,2018-02-01(中国大陆),105分钟, tt1485796,7.7
1154,黄金时代,2014,['许鞍华'],['李樯'],"['汤唯', '冯绍峰', '王志文', '朱亚文', '黄轩', '郝蕾', '袁泉', '田原', '丁嘉丽', '王千源', '沙溢', '祖峰', '张译', '冯雷', '袁文康', '陈月末', '王紫逸', '张嘉益', '王景春', '杨雪', '焦刚', '张博', '张瑶', '唐艺昕']","['剧情', '爱情', '传记']", 中国大陆 / 中国香港, 汉语普通话 / 粤语 / 上海话 / 武汉话 / 四川话 / 俄语 / 日语,2014-10-01(中国大陆/中国香港),179分钟,"
        ",7.3
1167,叫我第一名 Front of the Class,2008,['彼得·维纳'],['托马斯·里克曼'],"['詹姆斯·沃克', '特里特·威廉斯', '多米尼克·斯科特·凯伊', '莎拉·德鲁', '凯瑟琳·约克', '乔·克里斯特', '帕翠西亚·希顿', '约翰尼·帕卡', 'Charles Henry Wyson', 'Charlie Finn']","['剧情', '传记']", 美国, 英语,2008-12-07(美国),95分钟, tt1292594,8.6
1188,戴珍珠耳环的少女 Girl with a Pearl Earring,2003,['彼得·韦柏'],['奥莉薇亚·黑特理德'],"['科林·费尔斯', '斯嘉丽·约翰逊', '汤姆·威尔金森', '朱迪·帕瑞福特', '基里安·墨菲', '埃茜·戴维斯', '乔安娜·斯坎伦', '阿拉济纳·曼恩', 'Chris McHallem', 'Gabrielle Reidy', '罗洛·韦克斯', '安娜·帕波维尔', 'Anaïs Nepper', 'Melanie Meyfroid', 'Nathan Nepper']","['剧情', '爱情', '传记']", 英国 / 卢森堡 / 法国 / 比利时 / 美国, 英语,2003-09-07,100 分钟, tt0335119,7.8
1270,飞行家 The Aviator,2004,['马丁·斯科塞斯'],['约翰·洛根'],"['莱昂纳多·迪卡普里奥', '凯特·布兰切特', '凯特·贝金赛尔', '约翰·C·赖利', '亚历克·鲍德温', '阿伦·阿尔达', '伊安·霍姆', '丹尼·赫斯顿', '格温·斯蒂芬妮', '裘德·洛', '亚当·斯科特', '马特·罗斯', '凯丽·加纳', '弗兰西丝·康罗伊', '布伦特·斯皮内', '爱德华·赫曼', '威廉·达福', '肯尼斯·威尔什', 'J.C.麦肯泽', '雅各布·戴维奇', '艾米·斯洛安', '山姆·亨宁斯', '乔·克里斯特', '洛福斯·温莱特', '哈里·斯坦德乔夫斯基', '文斯·佐丹奴', '约希·麦兰', 'Justin Shilton', '亚瑟·霍尔顿', '约瑟夫·莱迪', '伊夫·雅克', '卢顿·万恩怀特三世', '杰森·卡弗利尔', 'Alan Toy', '弗朗切丝卡·斯科塞斯', '乔·柯布登 ', '艾伦·福西特', '大卫·普鲁德汉姆', '凯文·奥罗克', '丽莎·布朗温·摩尔', '艾玛·坎贝尔', '玛莎·温赖特', '维森特·拉雷斯卡', '马特·霍兰德', '丹尼斯·圣约翰', '基思·坎贝尔', '阿尔·范德克鲁斯', 'James McNamara', 'Pascal Anctil', 'Matthew I. Baker', 'Gavin Black', 'John David Braddock', 'John Brody', '安妮·考特斯', '埃尔考勒诺', '马修·科贝特·戴维斯', 'Antonella Elia', '梅根伊丽莎白', 'Brian Fortuna', 'Danielle Franke', 'Jess Graham', '特洛文·海斯', 'Chase Hoyt', 'Jason Klamm', 'Lon Moriarty', 'Eddie Napolillo']","['剧情', '传记']", 美国 / 德国, 英语,2004-12-25(美国),170 分钟, tt0338751,8.1
1315,十二宫 Zodiac,2007,['大卫·芬奇'],['詹姆斯·范德比尔特'],"['杰克·吉伦哈尔', '马克·鲁弗洛', '安东尼·爱德华兹', '小罗伯特·唐尼', '布莱恩·考克斯', '约翰·卡洛·林奇', '里奇蒙德·阿奎特', '鲍勃·斯蒂芬森', '约翰·莱西', '科洛·塞维尼', '艾德·塞特拉基安', '约翰·盖兹', '约翰·特里', '坎迪·克拉克', '伊莱亚斯·科泰斯']","['剧情', '悬疑', '惊悚', '传记', '犯罪']", 美国, 英语,2007-03-02(美国),157 分钟, tt0443706,7.5
1333,沙漠之花 Desert Flower,2009,['雪莉·霍曼'],"['华丽丝•迪里', '雪莉·霍曼', 'Cathleen Miller', 'Wüstenblume']","['索亚那·奥马尔-斯切戈', 'Idriss Abdillahi Houfaneh', 'Awa Saïd Darar', 'Roun Daher Aïnan', 'Osman Aden Dalieg', '莉亚·科贝德', '莎莉·霍金斯', '梅拉·沙尔', 'Anna Hilgedieck', 'Lucrezia Phantazia', '克雷格·帕金森', '马特·考夫曼', '蒂莫西·斯波', 'Prashant Prabhakar', '安东尼·麦凯', '提姆·塞菲', '特蕾莎·邱吉尔', 'Eckart Friz', '茱丽叶特·斯蒂文森', '奈杰尔·贝茨', '阿纳斯塔西娅·希尔']","['剧情', '传记']", 英国 / 德国 / 奥地利 / 法国, 英语 / 法语,2009-09-24,128分钟, tt1054580,8.8
1373,追梦赤子心 Rudy,1993,['大卫·安斯鲍夫'],['安吉罗·皮佐'],"['西恩·奥斯汀', '乔恩·费儒', '尼德·巴蒂', '查尔斯·达顿', '莉莉·泰勒', '文斯·沃恩']","['剧情', '传记', '运动']", 美国, 英语,1993-10-13,114 分钟, tt0108002,8.8
1412,理查德·朱维尔的哀歌 Richard Jewell,2019,['克林特·伊斯特伍德'],"['玛丽·布伦纳', '比利·雷']","['保罗·沃尔特·豪泽', '山姆·洛克威尔', '凯西·贝茨', '奥利维亚·王尔德', '乔恩·哈姆', '妮娜·阿里安达', '伊恩·戈麦斯', '兰德尔·P·海文斯', '韦恩·杜瓦尔', '亚历克斯·柯林斯', '迈克·普涅夫斯基', '米切尔·霍格', '大卫·莫拉蒂', '比利·斯洛特', '迪伦·库斯曼', '肯德里克·克罗斯', '施奎塔·詹姆斯', '吉尔-米歇尔·梅里恩', '大卫·安', '查尔斯·格林', '大卫·伦格尔', '马洛里·霍夫', '罗伯特·廷斯利', '约翰·盖蒂尔', '本杰明·韦弗', '德克斯特·蒂利什', '布兰登·斯坦利', '瑞安·博兹']","['剧情', '传记', '犯罪']", 美国, 英语,2020-01-10(中国大陆),131分钟, tt3513548,8.2
1426,荒野生存 Into the Wild,2007,['西恩·潘'],"['西恩·潘', '乔恩·克拉考尔']","['埃米尔·赫斯基', '马西娅·盖伊·哈登', '威廉·赫特', '吉娜·马隆', '布莱恩·H.德里克', '凯瑟琳·基纳', '文斯·沃恩', '克里斯汀·斯图尔特', '哈尔·霍尔布鲁克', '扎克·加利凡纳基斯', '罗宾·马修斯', '史蒂文·韦格', '托尔·林德哈特', '西涅·埃格霍尔姆·奥尔森', '哈莉·拉姆', '梅里特·韦弗', 'John Jabaley', 'Joe Dustin', 'Alvin Ellie', 'Caroline Gelabert', 'Aaron Wayne Hill', 'J·内森·西蒙斯']","['剧情', '传记', '冒险']", 美国, 英语 / 丹麦语,2007-09-21(美国),148分钟, tt0758758,8.6
1465,阮玲玉,1991,['关锦鹏'],"['焦雄屏', '邱刚健']","['张曼玉', '梁家辉', '秦汉', '刘嘉玲', '吴启华', '叶童', '李子雄', '张冲', '叶晨', '萧湘']","['剧情', '爱情', '传记']", 中国香港, 粤语 / 汉语普通话 / 上海话,1991-11-29(中国台湾),121分钟, tt0102816,8.6
1555,帝国的毁灭 Der Untergang,2004,['奥利弗·希施比格尔'],"['贝尔恩德·艾辛格', '约阿希姆·费斯特', 'Traudl Junge', 'Melissa Müller']","['布鲁诺·冈茨', '亚历山德拉·玛丽亚·拉娜', '科琳娜·哈弗奇', '乌尔里希·马特斯', '茱莉安·柯勒', '海诺·费尔希', '克里斯蒂安·贝克尔', '马蒂亚斯·哈比希', '托马斯·克莱舒曼', '米歇尔·门德尔', '安德烈·赫尼克', '乌尔里希·诺登', '比吉特·米尼希迈尔', '罗夫·凯尼斯', '尤斯图斯·冯·多赫纳尼', '迪特尔·曼', '克里斯蒂安·雷德尔', '戈兹·奥托', '托马斯·林平泽尔', '托马斯·蒂梅', '杰拉德·亚历山大·海德', 'Bettina Redlich', '海因里希·施密德', '安娜·塔巴赫', '迪特里希·霍林德布穆尔', '乌尔里克·克鲁比格尔', '卡尔·克兰茨科夫斯基', 'Jürgen Tonkel', '大卫·史崔梭德', '法比安·布施', 'Aleksandr Slastin', '阿丽娜·索卡', 'Gregory Borlein', 'Laura Borlein', '丽扎· 波亚尔斯卡娅', '迈克尔·布兰德纳', '马丁·布兹克', '马蒂亚斯·格内丁格尔', 'Norbert Heckner', '恩诺·海瑟', '尤莉亚·延奇', '迈克尔·肯德', 'Elisabeth von Koch', '斯特凡·梅伦', '卡特琳娜·珀罗简', 'Christian Schmidt', '\u200e奥古斯特·施梅尔泽\u200e', 'Klaus-Jürgen Steinmann', '奥利弗·斯特里泽尔', 'Klaus B. Wolf', 'Traudl Junge', 'Martin Kessler', '亨宁·佩克', '迪特·鲁普']","['剧情', '传记', '历史', '战争']", 德国 / 奥地利 / 意大利, 德语 / 俄语,2004-09-08(德国),156分钟, tt0363163,8.9
1668,南海十三郎,1997,['高志森'],['杜国威'],"['谢君豪', '潘灿良', '苏玉华', '梁汉威', '吴绮莉', '黄霑', '周志辉']","['剧情', '爱情', '传记']", 中国香港, 粤语,1997-05-15(中国香港),110分钟, tt0134836,9.3
1693,好家伙 GoodFellas,1990,['马丁·斯科塞斯'],"['马丁·斯科塞斯', '尼古拉斯·派勒吉']","['罗伯特·德尼罗', '雷·利奥塔', '乔·佩西', '洛南·布雷科', '保罗·索维诺', '弗兰克·西维罗', '托尼·戴劳', '迈克·斯塔尔', '弗兰克·文森特', '查克·洛', '弗兰克·迪莱奥', '亨利·扬曼', '吉娜·马斯特罗吉科莫', '凯瑟琳·斯科塞斯', '查尔斯·斯科西斯', '苏珊妮·谢泼德', '黛比·玛扎', '塞缪尔·杰克逊']","['剧情', '传记', '犯罪']", 美国, 英语 / 意大利语,1990-09-09(威尼斯电影节),146分钟, tt0099685,8.5
1729,时时刻刻 The Hours,2002,['史蒂芬·戴德利'],"['戴维·黑尔', '迈克尔·坎宁安']","['梅丽尔·斯特里普', '朱丽安·摩尔', '妮可·基德曼', '艾德·哈里斯', '托妮·科莱特', '克莱尔·丹妮丝', '杰夫·丹尼尔斯', '斯蒂芬·迪兰', '艾莉森·珍妮', '约翰·C·赖利', '米兰达·理查森', '艾琳·阿特金斯', '玛格·马丁戴尔', '琳达·巴塞特', 'George Loftus', '杰克·罗韦洛']","['剧情', '传记']", 美国 / 英国, 英语,2002-12-27(美国),110分钟, tt0274558,8.6
1771,勇往直前 Only the Brave,2017,['约瑟夫·科辛斯基'],"['肯·诺兰', '埃里克·辛格尔', '肖恩·弗林']","['乔什·布洛林', '迈尔斯·特勒', '杰夫·布里吉斯', '詹妮弗·康纳利', '詹姆斯·戴尔', '泰勒·克奇', '安迪·麦克道威尔', '吉欧夫·斯图兹', '亚历克斯·罗素', '萨德·拉金比尔', '本·哈迪', '斯科特·黑兹', '杰克·皮克金', '斯科特·福克斯', '迪兰·科宁', '娜塔莉·豪尔', '贝尔·詹姆斯']","['剧情', '传记', '灾难']", 美国, 英语,2017-12-08(中国大陆),134分钟, tt3829920,8.3
1796,剃头匠,2006,['哈斯朝鲁'],['冉平'],['靖奎'],"['剧情', '传记']", 中国大陆, 汉语普通话,2006-10-24,100分钟, tt1160619,9.2
1830,美国狙击手 American Sniper,2014,['克林特·伊斯特伍德'],['杰森·霍尔'],"['布莱德利·库珀', '西耶娜·米勒', '卢克·葛莱姆斯']","['动作', '传记', '战争']", 美国, 英语 / 阿拉伯语,2014-11-11(AFI影展),132分钟, tt2179136,7.7
1889,极速风流 Rush,2013,['朗·霍华德'],['皮特·摩根'],"['克里斯·海姆斯沃斯', '丹尼尔·布鲁赫', '奥利维亚·王尔德', '亚历山德拉·玛丽亚·拉娜', '皮耶尔弗兰切斯科·法维诺', '大卫·卡尔德', '娜塔莉·多默尔', '史蒂芬·曼甘', '克里斯蒂安·麦凯', '埃利斯戴尔·皮特里', '朱利安·林希德-图特', '科林·斯廷顿', '帕特里克·巴拉迪', '文森特·里奥特', '马丁·萨维奇', '杰米·西弗斯', '汤姆·拉斯齐哈', '克里斯蒂安·索利诺', '詹姆斯·诺顿', '约瑟芬·德·拉·波美', '杰弗里·斯特里特菲尔德', '布鲁克·约翰斯顿', '汉纳·布里特兰德', '利萨·麦克阿里斯特', '汉斯-埃卡特·埃克哈特', '小家山晃', '罗杰·内瓦雷斯', '罗非洛·迪格托勒', '马可·卡纳迪', '迪米特里·格里特萨斯', '杰伊·辛普森', '菲利普·斯波', '恩里奇·雷德曼', '藤本正史', '罗布·卡瓦佐斯', '李·阿斯奎斯-柯', '贝恩·科拉科', '克里斯·考林', '格拉姆·柯里']","['剧情', '传记', '运动']", 英国 / 德国 / 美国, 英语 / 德语 / 意大利语 / 法语 / 西班牙语,2015-12-11(中国大陆),123分钟, tt1979320,8.8
1947,走出非洲 Out of Africa,1985,['西德尼·波拉克'],"['卡琳·布里克森', '科特·路德特克', '大卫·雷菲尔德']","['梅丽尔·斯特里普', '罗伯特·雷德福', '克劳斯·马利亚·布朗道尔', '迈克尔·基臣', '马利克·鲍恩斯', '迈克尔·高夫', '苏珊娜·汉密尔顿', '瑞切尔·凯姆普森', '格拉汉姆·克罗登', '莱斯利·菲利普斯', '谢恩·里默', '多纳尔·麦卡恩', 'Kenneth Mason', 'Tristram Jellinek', '史蒂芬·B·格里姆斯', 'Annabel Maule', 'Benny Young', 'Niven Boyd', '伊曼']","['剧情', '爱情', '传记', '冒险']", 美国, 英语 / 斯瓦希里语,1985-12-10(洛杉矶首映),161分钟, tt0089755,8.6
1967,摩托日记 Diarios de motocicleta,2004,['沃尔特·塞勒斯'],['何塞·里维拉'],"['盖尔·加西亚·贝纳尔', '罗德里戈·德拉·塞尔纳', '梅赛黛斯·莫朗', '吉安·皮埃尔·诺厄尔', 'Lucas Oro', '米娅·麦斯特罗']","['剧情', '传记', '冒险']", 阿根廷 / 美国 / 智利 / 秘鲁 / 巴西 / 英国 / 德国 / 法国, 奇楚亚语 / 西班牙语,2004-01-15(圣丹斯电影节),126 分钟, tt0318462,8.5
1994,我的1919,1999,['黄健中'],"['黄丹', '唐娄彝']","['陈道明', '何政军', '许晴', '修宗迪', '李建义', '杰拉德·蒂里翁', '爱德华·米克斯', '伊曼纽尔·博', '萨拉·格莱宾', '卡琪娅·申库', '露西·杜克恩', '岛冈现', '小野地清悦', '弗朗索瓦·加斯科', '纪尧姆·珀蒂托·贝尔韦讷', '王大为', '郭靖宇', '薛山']","['剧情', '传记', '历史']", 中国大陆, 英语 / 法语 / 汉语普通话,1999-09-16(中国大陆),98分钟, tt0441912,8.5
2040,甘古拜·卡蒂娅瓦迪 Gangubai Kathiawadi,2022,['桑杰·里拉·彭萨里'],"['桑杰·里拉·彭萨里', '普拉卡什·卡帕迪亚', '乌特卡希尼·瓦西斯塔']","['阿莉雅·布哈特', '山塔努·马赫什瓦里', '维贾伊·拉齐', '英迪拉·蒂瓦里', '西玛·帕瓦', '阿贾耶·德乌干', '瓦伦·卡浦尔', '阿卡什·潘迪', '查亚·卡达姆', '拉萨·默拉德', '胡玛·库雷希', 'M·K·拉伊纳', '吉姆·萨伯']","['剧情', '传记']", 印度, 印地语 / 泰卢固语,2022-02-16(柏林电影节),152分钟, tt10083340,7.7
2106,"倒数时刻 Tick, Tick…Boom!",2021,['林-曼努尔·米兰达'],"['史蒂文·莱文森', '乔纳森·拉森']","['安德鲁·加菲尔德', '亚历山德拉·希普', '罗宾·德·齐泽斯', '凡妮莎·哈金斯', '约书亚·亨利', '乔纳森·马克·谢尔曼', 'MJ·罗德里格斯', '朱迪斯·赖特', '布莱德利·惠特福德', '林-曼努尔·米兰达', '芮妮·戈兹贝里', '菲莉帕·苏', '克里斯·杰克逊', '劳拉·本纳蒂', '达尼埃尔·费兰', '乌特卡什·安邦德卡尔', 'Robyn Goodman', '朱迪·库恩', '丹尼·伯斯坦', '理查德·坎德', 'Tariq Trotter', '乔安娜·阿德勒', '克里斯·沙利文', '罗杰·巴特', '乔尔·格雷', '诺亚·罗宾斯', 'Gizel Jimenez', 'Ben Ross', 'Micaela Diamond']","['剧情', '歌舞', '传记']", 美国, 英语,2021-11-10(美国电影学会电影节),122分钟, tt8721424,8.2
2109,妇女参政论者 Suffragette,2015,['莎拉·加芙隆'],['艾比·摩根'],"['凯瑞·穆里根', '海伦娜·伯翰·卡特', '布莱丹·格里森', '安-玛莉·杜芙', '本·卫肖', '梅丽尔·斯特里普', '萝玛拉·嘉瑞', '杰夫·贝尔', '萨缪尔·韦斯特', '摩根·华金斯', '娜塔莉·普莱斯', '玛瑞沃拉·嘉沃斯卡', '理查德·班克斯', '李·尼古拉斯·哈里斯', '亚当·那加提斯']","['剧情', '传记', '历史']", 英国, 英语,2015-09-04(特柳赖德电影节),106分钟, tt3077214,8.6
2140,国王理查德 King Richard,2021,['雷纳尔多·马库斯·格林'],['扎克·贝林'],"['威尔·史密斯', '黛米·辛格顿', '萨尼雅·西德尼', '安洁纽·艾莉丝', '乔·博恩瑟', '托尼·戈德温', '米凯拉·拉沙·巴塞洛缪', '达尼埃莱·劳森', '莱拉·克劳福德', '埃里卡·林格', '诺亚·比恩', '克雷格·泰特', '乔赛亚·克罗斯 ', '小卡尔文·克劳塞尔', '沃恩·W·希伯伦', '小吉米·沃克', '凯文·杜恩', '布拉德·格林奎斯特', '布兰顿·莫拉莱斯', '爱丽珂谢弗', '安迪·比恩', '朱迪思•查普曼', '切特·格里索姆', '乔纳森·贝莱', '卡特里娜·贝恩', '里奇·索莫', '艾琳·库明斯', '汤姆·德格南', '弗吉尼亚·施奈德', '瓦莱丽·戴维森', '汉娜·巴尔福特', '梅尔·法尔', '玛丽·帕斯科', '古纳尔·怀特', '迪伦·麦克德莫特', '苏西·阿布罗梅特', '索菲亚·布伊', '约翰尼·曼斯巴赫', '凯蒂·麦克凯布', '丹·萨霍夫']","['剧情', '传记', '运动']", 美国, 英语,2021-09-02(特柳赖德电影节),144分钟, tt9620288,7.4
2148,银行家 The Banker,2020,['乔治·诺非'],"['Niceole R. Levy', '乔治·诺非', 'David Lewis Smith', 'Stan Younger', '布拉德·凯恩']","['安东尼·麦凯', '塞缪尔·杰克逊', '尼古拉斯·霍尔特', '杰西·厄舍', '科尔姆·米尼', '保罗·本-维克托', '格雷戈里·艾伦·威廉斯', '迈克尔·哈尔尼', '尼娅·朗', '泰勒·布莱克', '罗达·格里菲丝', '吉尔·简·克莱门茨', '杰森·戴维斯', '克雷格·韦茨巴赫尔', '克里斯·加恩', '大卫·马尔登那多', '格拉伦·布莱恩特·班克斯', '杰伦·戈登', '扎克·哈内尔', '卡梅伦·布鲁姆布罗', '詹姆斯·杜蒙特', 'Daniel Johnson']","['剧情', '传记']", 美国, 英语,2021-11-26(中国大陆),120分钟, tt6285944,7.4
2244,华盛顿邮报 The Post,2017,['史蒂文·斯皮尔伯格'],"['丽兹·汉娜', '乔希·辛格']","['梅丽尔·斯特里普', '汤姆·汉克斯', '莎拉·保罗森', '鲍勃·奥登科克', '崔西·莱茨', '布莱德利·惠特福德', '布鲁斯·格林伍德', '马修·瑞斯', '爱丽森·布里', '凯莉·库恩', '杰西·普莱蒙', '大卫·克罗斯', '扎克·伍兹', '帕特·希利', '约翰·鲁', '里克·霍姆斯', '菲利普·卡斯诺夫', '杰茜·缪勒', '斯塔克·桑德斯', '迈克尔·西里尔·克赖顿', '威尔·丹顿', '迪尔德丽·罗夫乔', '迈克尔·斯图巴']","['剧情', '传记', '历史']", 美国 / 英国, 英语,2017-12-22(美国点映),116分钟, tt6294822,8.3
2267,跛豪,1991,['潘文杰'],"['麦当雄', '萧若元', '丁卉霖', '陈慎芝', '李英杰']","['吕良伟', '郑则仕', '叶童', '叶子楣', '李子雄', '吴启华', '黄光亮', '徐锦江', '曾江', '罗烈', '吴孟达', '刘洵', '刘江', '江欣燕', '陈荣宗', '钟发', '韩坤', '陈治良', '吴廷烨', '吴丽珠', '钱似莺', '黄智强', '古慧珍', '骆达华', '林迪安', '雷达', '卫青', '林华勋', '李英杰', '黄树棠', '黄金棠', '麦鹤顿', '谭伟民', '梁心', '黄仲渠', '吴国佳', '何永祥', '曾醒光', '蔡宪章', '陈汉文']","['剧情', '传记', '犯罪']", 中国香港, 粤语,1991-04-15(中国香港),143分钟, tt0101490,8.3
2288,光荣之路 Glory Road,2006,['詹姆斯·加特纳'],"['查尔斯·克利夫兰', '贝蒂娜·格利欧斯']","['乔什·卢卡斯', 'Wes Brown', '德里克·卢克', '强·沃特', '奥斯汀·尼可斯']","['剧情', '传记', '运动']", 美国, 英语,2006-01-13(美国),118 分钟, tt0385726,8.6
2294,永不妥协 Erin Brockovich,2000,['史蒂文·索德伯格'],['苏珊娜·格兰特'],"['朱莉娅·罗伯茨', '大卫·布里斯宾', '阿尔伯特·芬尼', '维勒特·罗德里格斯', '康查塔·费雷尔', 'Jack Gill', '史考蒂·莱文沃斯', '杰蒙妮·德拉佩纳', '艾琳·布鲁克维奇-埃利斯', '艾伦·艾克哈特', '玛格·海根柏格', '杰米·哈罗德', '斯嘉丽·波莫尔斯', 'T·J·塞恩', '乔·克里斯特', '迈克尔·哈尔尼', '威廉姆·拉金', '米密·肯尼迪', '斯科特·索尔斯', '切莉·琼斯', 'Kristina Malota', '韦德·威廉姆斯', '崔西·沃特', 'Don Snell', '迈克尔·山姆伯格', '吉娜·盖莱果', '彼德·考约特', '维尼·考克斯', 'Norma Maldonado', 'Ed Masry', 'Tom Tangen']","['剧情', '传记']", 美国, 英语,2000-03-17(加拿大),130分钟, tt0195685,8.4
2331,弗里达 Frida,2002,['朱丽·泰莫'],"['克兰西·西加尔', '黛安娜·莱克', '格雷戈里·内瓦', '安娜·托马斯']","['萨尔玛·海耶克', '阿尔弗雷德·莫里纳', '米娅·麦斯特罗', '艾什莉·贾德', '安东尼奥·班德拉斯', '杰弗里·拉什', '爱德华·诺顿', '瓦莱丽亚·戈利诺', '迭戈·卢纳', '亚历杭德罗·乌西利', '萨弗蓉·布罗斯', '洛罗·纳瓦罗', '罗杰·里斯', '费尔明·马丁内斯', '阿梅莉亚·萨帕塔', '罗伯托·梅迪纳', '帕特里夏·雷耶斯·斯平多拉', '玛加丽塔·桑斯', '奥马尔·罗德里格斯', '查维拉·巴尔加斯', '费利佩·富勒普']","['剧情', '爱情', '传记']", 美国 / 墨西哥 / 加拿大, 英语 / 法语 / 俄语 / 西班牙语,2002-08-29(威尼斯电影节),123分钟, tt0120679,8.7